year,week_start_date,week_end_date,month,zone,area_type,population_density,week_type,special_event,rainfall_mm,previous_wet_tons,previous_dry_tons,wet_waste_tons,dry_waste_tons
2023,2023-01-09,2023-01-15,1,Kalutara North,town,medium,holiday,no,15.8,17.11,8.91,16.3,7.68
2023,2023-01-09,2023-01-15,1,Kalutara South,beach,low,holiday,no,15.8,13.23,6.68,11.69,5.7
2023,2023-01-09,2023-01-15,1,Katukurunda 1,muslim_area,high,holiday,no,15.8,35.43,18.47,31.36,15.9
2023,2023-01-09,2023-01-15,1,Katukurunda 2,town,medium,holiday,no,15.8,22.27,11.07,20.18,9.7
2023,2023-01-16,2023-01-22,1,Kalutara North,town,medium,holiday,no,6.9,16.3,7.68,16.31,8.55
2023,2023-01-16,2023-01-22,1,Kalutara South,beach,low,holiday,no,6.9,11.69,5.7,12.44,6.6
2023,2023-01-16,2023-01-22,1,Katukurunda 1,muslim_area,high,holiday,no,6.9,31.36,15.9,33.75,17.85
2023,2023-01-16,2023-01-22,1,Katukurunda 2,town,medium,holiday,no,6.9,20.18,9.7,20.26,11.19
2023,2023-01-23,2023-01-31,1,Kalutara North,town,medium,normal,no,20.7,16.31,8.55,18.52,10.01
2023,2023-01-23,2023-01-31,1,Kalutara South,beach,low,normal,no,20.7,12.44,6.6,14.22,7.29
2023,2023-01-23,2023-01-31,1,Katukurunda 1,muslim_area,high,normal,no,20.7,33.75,17.85,38.5,19.29
2023,2023-01-23,2023-01-31,1,Katukurunda 2,town,medium,normal,no,20.7,20.26,11.19,23.7,12.08
2023,2023-02-01,2023-02-05,2,Kalutara North,town,medium,festival,yes,3.8,18.52,10.01,16.28,6.51
2023,2023-02-01,2023-02-05,2,Kalutara South,beach,low,festival,yes,3.8,14.22,7.29,12.59,4.89
2023,2023-02-01,2023-02-05,2,Katukurunda 1,muslim_area,high,festival,yes,3.8,38.5,19.29,33.51,13.07
2023,2023-02-01,2023-02-05,2,Katukurunda 2,town,medium,festival,yes,3.8,23.7,12.08,21.01,8.49
2023,2023-02-06,2023-02-12,2,Kalutara North,town,medium,normal,no,3.7,16.28,6.51,18.75,7.28
2023,2023-02-06,2023-02-12,2,Kalutara South,beach,low,normal,no,3.7,12.59,4.89,14.01,5.31
2023,2023-02-06,2023-02-12,2,Katukurunda 1,muslim_area,high,normal,no,3.7,33.51,13.07,35.55,14.41
2023,2023-02-06,2023-02-12,2,Katukurunda 2,town,medium,normal,no,3.7,21.01,8.49,22.17,8.77
2023,2023-02-13,2023-02-19,2,Kalutara North,town,medium,holiday,no,18.4,18.75,7.28,17.5,6.97
2023,2023-02-13,2023-02-19,2,Kalutara South,beach,low,holiday,no,18.4,14.01,5.31,13.05,5.28
2023,2023-02-13,2023-02-19,2,Katukurunda 1,muslim_area,high,holiday,no,18.4,35.55,14.41,35.17,13.52
2023,2023-02-13,2023-02-19,2,Katukurunda 2,town,medium,holiday,no,18.4,22.17,8.77,21.21,8.59
2023,2023-02-20,2023-02-28,2,Kalutara North,town,medium,normal,no,13.8,17.5,6.97,19.27,7.37
2023,2023-02-20,2023-02-28,2,Kalutara South,beach,low,normal,no,13.8,13.05,5.28,14.17,5.36
2023,2023-02-20,2023-02-28,2,Katukurunda 1,muslim_area,high,normal,no,13.8,35.17,13.52,37.31,15.07
2023,2023-02-20,2023-02-28,2,Katukurunda 2,town,medium,normal,no,13.8,21.21,8.59,23.28,9.37
2023,2023-03-01,2023-03-05,3,Kalutara North,town,medium,normal,no,8.6,19.27,7.37,15.2,4.74
2023,2023-03-01,2023-03-05,3,Kalutara South,beach,low,normal,no,8.6,14.17,5.36,11.51,3.53
2023,2023-03-01,2023-03-05,3,Katukurunda 1,muslim_area,high,normal,no,8.6,37.31,15.07,30.27,9.69
2023,2023-03-01,2023-03-05,3,Katukurunda 2,town,medium,normal,no,8.6,23.28,9.37,18.66,6.0
2023,2023-03-06,2023-03-12,3,Kalutara North,town,medium,holiday,no,2.9,15.2,4.74,20.0,6.17
2023,2023-03-06,2023-03-12,3,Kalutara South,beach,low,holiday,no,2.9,11.51,3.53,14.85,4.77
2023,2023-03-06,2023-03-12,3,Katukurunda 1,muslim_area,high,holiday,no,2.9,30.27,9.69,39.69,12.7
2023,2023-03-06,2023-03-12,3,Katukurunda 2,town,medium,holiday,no,2.9,18.66,6.0,24.86,7.85
2023,2023-03-13,2023-03-19,3,Kalutara North,town,medium,normal,no,16.5,20.0,6.17,17.01,5.28
2023,2023-03-13,2023-03-19,3,Kalutara South,beach,low,normal,no,16.5,14.85,4.77,12.76,4.03
2023,2023-03-13,2023-03-19,3,Katukurunda 1,muslim_area,high,normal,no,16.5,39.69,12.7,33.3,10.82
2023,2023-03-13,2023-03-19,3,Katukurunda 2,town,medium,normal,no,16.5,24.86,7.85,21.21,6.58
2023,2023-03-20,2023-03-26,3,Kalutara North,town,medium,normal,no,19.6,17.01,5.28,18.45,6.01
2023,2023-03-20,2023-03-26,3,Kalutara South,beach,low,normal,no,19.6,12.76,4.03,14.08,4.43
2023,2023-03-20,2023-03-26,3,Katukurunda 1,muslim_area,high,normal,no,19.6,33.3,10.82,37.51,11.6
2023,2023-03-20,2023-03-26,3,Katukurunda 2,town,medium,normal,no,19.6,21.21,6.58,22.89,7.39
2023,2023-03-27,2023-03-31,3,Kalutara North,town,medium,normal,no,18.8,18.45,6.01,15.96,5.02
2023,2023-03-27,2023-03-31,3,Kalutara South,beach,low,normal,no,18.8,14.08,4.43,11.95,3.78
2023,2023-03-27,2023-03-31,3,Katukurunda 1,muslim_area,high,normal,no,18.8,37.51,11.6,31.58,10.12
2023,2023-03-27,2023-03-31,3,Katukurunda 2,town,medium,normal,no,18.8,22.89,7.39,20.47,6.41
2023,2023-04-01,2023-04-09,4,Kalutara North,town,medium,festival,yes,38.7,15.96,5.02,21.72,8.76
2023,2023-04-01,2023-04-09,4,Kalutara South,beach,low,festival,yes,38.7,11.95,3.78,16.88,6.43
2023,2023-04-01,2023-04-09,4,Katukurunda 1,muslim_area,high,festival,yes,38.7,31.58,10.12,45.35,17.31
2023,2023-04-01,2023-04-09,4,Katukurunda 2,town,medium,festival,yes,38.7,20.47,6.41,27.54,10.94
2023,2023-04-10,2023-04-16,4,Kalutara North,town,medium,festival,yes,104.6,21.72,8.76,23.42,9.26
2023,2023-04-10,2023-04-16,4,Kalutara South,beach,low,festival,yes,104.6,16.88,6.43,17.73,7.14
2023,2023-04-10,2023-04-16,4,Katukurunda 1,muslim_area,high,festival,yes,104.6,45.35,17.31,49.17,18.59
2023,2023-04-10,2023-04-16,4,Katukurunda 2,town,medium,festival,yes,104.6,27.54,10.94,30.09,11.92
2023,2023-04-17,2023-04-23,4,Kalutara North,town,medium,holiday,no,27.9,23.42,9.26,22.29,8.68
2023,2023-04-17,2023-04-23,4,Kalutara South,beach,low,holiday,no,27.9,17.73,7.14,15.99,6.86
2023,2023-04-17,2023-04-23,4,Katukurunda 1,muslim_area,high,holiday,no,27.9,49.17,18.59,44.02,17.48
2023,2023-04-17,2023-04-23,4,Katukurunda 2,town,medium,holiday,no,27.9,30.09,11.92,27.78,11.13
2023,2023-04-24,2023-04-30,4,Kalutara North,town,medium,normal,no,26.1,22.29,8.68,20.55,8.01
2023,2023-04-24,2023-04-30,4,Kalutara South,beach,low,normal,no,26.1,15.99,6.86,15.72,5.82
2023,2023-04-24,2023-04-30,4,Katukurunda 1,muslim_area,high,normal,no,26.1,44.02,17.48,42.21,15.62
2023,2023-04-24,2023-04-30,4,Katukurunda 2,town,medium,normal,no,26.1,27.78,11.13,25.51,9.81
2023,2023-05-01,2023-05-07,5,Kalutara North,town,medium,festival,yes,149.0,20.55,8.01,22.28,7.42
2023,2023-05-01,2023-05-07,5,Kalutara South,beach,low,festival,yes,149.0,15.72,5.82,16.63,5.71
2023,2023-05-01,2023-05-07,5,Katukurunda 1,muslim_area,high,festival,yes,149.0,42.21,15.62,45.35,14.85
2023,2023-05-01,2023-05-07,5,Katukurunda 2,town,medium,festival,yes,149.0,25.51,9.81,28.18,9.12
2023,2023-05-08,2023-05-14,5,Kalutara North,town,medium,normal,no,19.7,22.28,7.42,21.54,7.08
2023,2023-05-08,2023-05-14,5,Kalutara South,beach,low,normal,no,19.7,16.63,5.71,15.96,5.47
2023,2023-05-08,2023-05-14,5,Katukurunda 1,muslim_area,high,normal,no,19.7,45.35,14.85,42.85,14.46
2023,2023-05-08,2023-05-14,5,Katukurunda 2,town,medium,normal,no,19.7,28.18,9.12,27.76,8.66
2023,2023-05-15,2023-05-21,5,Kalutara North,town,medium,normal,no,154.7,21.54,7.08,20.81,6.63
2023,2023-05-15,2023-05-21,5,Kalutara South,beach,low,normal,no,154.7,15.96,5.47,15.56,4.99
2023,2023-05-15,2023-05-21,5,Katukurunda 1,muslim_area,high,normal,no,154.7,42.85,14.46,39.39,13.7
2023,2023-05-15,2023-05-21,5,Katukurunda 2,town,medium,normal,no,154.7,27.76,8.66,25.88,8.2
2023,2023-05-22,2023-05-31,5,Kalutara North,town,medium,normal,no,21.9,20.81,6.63,21.89,7.45
2023,2023-05-22,2023-05-31,5,Kalutara South,beach,low,normal,no,21.9,15.56,4.99,16.82,5.53
2023,2023-05-22,2023-05-31,5,Katukurunda 1,muslim_area,high,normal,no,21.9,39.39,13.7,44.3,14.57
2023,2023-05-22,2023-05-31,5,Katukurunda 2,town,medium,normal,no,21.9,25.88,8.2,27.27,8.84
2023,2023-06-01,2023-06-04,6,Kalutara North,town,medium,holiday,no,19.1,21.89,7.45,14.71,4.09
2023,2023-06-01,2023-06-04,6,Kalutara South,beach,low,holiday,no,19.1,16.82,5.53,10.87,3.13
2023,2023-06-01,2023-06-04,6,Katukurunda 1,muslim_area,high,holiday,no,19.1,44.3,14.57,28.71,8.45
2023,2023-06-01,2023-06-04,6,Katukurunda 2,town,medium,holiday,no,19.1,27.27,8.84,18.47,5.21
2023,2023-06-05,2023-06-11,6,Kalutara North,town,medium,normal,no,64.6,14.71,4.09,19.27,5.52
2023,2023-06-05,2023-06-11,6,Kalutara South,beach,low,normal,no,64.6,10.87,3.13,14.74,4.25
2023,2023-06-05,2023-06-11,6,Katukurunda 1,muslim_area,high,normal,no,64.6,28.71,8.45,38.91,11.31
2023,2023-06-05,2023-06-11,6,Katukurunda 2,town,medium,normal,no,64.6,18.47,5.21,24.85,6.98
2023,2023-06-12,2023-06-18,6,Kalutara North,town,medium,normal,no,25.9,19.27,5.52,16.45,4.88
2023,2023-06-12,2023-06-18,6,Kalutara South,beach,low,normal,no,25.9,14.74,4.25,12.24,3.6
2023,2023-06-12,2023-06-18,6,Katukurunda 1,muslim_area,high,normal,no,25.9,38.91,11.31,34.2,9.55
2023,2023-06-12,2023-06-18,6,Katukurunda 2,town,medium,normal,no,25.9,24.85,6.98,21.24,6.12
2023,2023-06-19,2023-06-25,6,Kalutara North,town,medium,normal,no,20.4,16.45,4.88,19.01,5.32
2023,2023-06-19,2023-06-25,6,Kalutara South,beach,low,normal,no,20.4,12.24,3.6,14.28,4.0
2023,2023-06-19,2023-06-25,6,Katukurunda 1,muslim_area,high,normal,no,20.4,34.2,9.55,38.18,11.15
2023,2023-06-19,2023-06-25,6,Katukurunda 2,town,medium,normal,no,20.4,21.24,6.12,24.03,6.94
2023,2023-06-26,2023-06-30,6,Kalutara North,town,medium,holiday,no,18.9,19.01,5.32,20.67,6.09
2023,2023-06-26,2023-06-30,6,Kalutara South,beach,low,holiday,no,18.9,14.28,4.0,15.52,4.43
2023,2023-06-26,2023-06-30,6,Katukurunda 1,muslim_area,high,holiday,no,18.9,38.18,11.15,41.94,12.13
2023,2023-06-26,2023-06-30,6,Katukurunda 2,town,medium,holiday,no,18.9,24.03,6.94,26.46,7.37
2023,2023-07-01,2023-07-09,7,Kalutara North,town,medium,holiday,yes,26.1,20.67,6.09,24.03,8.03
2023,2023-07-01,2023-07-09,7,Kalutara South,beach,low,holiday,yes,26.1,15.52,4.43,17.89,5.93
2023,2023-07-01,2023-07-09,7,Katukurunda 1,muslim_area,high,holiday,yes,26.1,41.94,12.13,47.93,15.93
2023,2023-07-01,2023-07-09,7,Katukurunda 2,town,medium,holiday,yes,26.1,26.46,7.37,29.5,10.2
2023,2023-07-10,2023-07-16,7,Kalutara North,town,medium,normal,no,33.8,24.03,8.03,21.29,7.06
2023,2023-07-10,2023-07-16,7,Kalutara South,beach,low,normal,no,33.8,17.89,5.93,15.25,5.34
2023,2023-07-10,2023-07-16,7,Katukurunda 1,muslim_area,high,normal,no,33.8,47.93,15.93,40.77,13.77
2023,2023-07-10,2023-07-16,7,Katukurunda 2,town,medium,normal,no,33.8,29.5,10.2,26.56,8.72
2023,2023-07-17,2023-07-23,7,Kalutara North,town,medium,normal,no,25.9,21.29,7.06,21.36,7.42
2023,2023-07-17,2023-07-23,7,Kalutara South,beach,low,normal,no,25.9,15.25,5.34,16.56,5.35
2023,2023-07-17,2023-07-23,7,Katukurunda 1,muslim_area,high,normal,no,25.9,40.77,13.77,43.02,14.46
2023,2023-07-17,2023-07-23,7,Katukurunda 2,town,medium,normal,no,25.9,26.56,8.72,27.35,9.14
2023,2023-07-24,2023-07-31,7,Kalutara North,town,medium,normal,no,138.4,21.36,7.42,22.77,7.65
2023,2023-07-24,2023-07-31,7,Kalutara South,beach,low,normal,no,138.4,16.56,5.35,16.58,5.47
2023,2023-07-24,2023-07-31,7,Katukurunda 1,muslim_area,high,normal,no,138.4,43.02,14.46,44.06,14.59
2023,2023-07-24,2023-07-31,7,Katukurunda 2,town,medium,normal,no,138.4,27.35,9.14,27.09,9.39
2023,2023-08-01,2023-08-06,8,Kalutara North,town,medium,holiday,no,12.1,22.77,7.65,10.86,6.75
2023,2023-08-01,2023-08-06,8,Kalutara South,beach,low,holiday,no,12.1,16.58,5.47,7.96,5.2
2023,2023-08-01,2023-08-06,8,Katukurunda 1,muslim_area,high,holiday,no,12.1,44.06,14.59,21.84,13.39
2023,2023-08-01,2023-08-06,8,Katukurunda 2,town,medium,holiday,no,12.1,27.09,9.39,13.09,8.48
2023,2023-08-07,2023-08-13,8,Kalutara North,town,medium,normal,no,19.5,10.86,6.75,14.31,8.83
2023,2023-08-07,2023-08-13,8,Kalutara South,beach,low,normal,no,19.5,7.96,5.2,10.72,6.77
2023,2023-08-07,2023-08-13,8,Katukurunda 1,muslim_area,high,normal,no,19.5,21.84,13.39,27.88,17.67
2023,2023-08-07,2023-08-13,8,Katukurunda 2,town,medium,normal,no,19.5,13.09,8.48,17.27,10.88
2023,2023-08-14,2023-08-20,8,Kalutara North,town,medium,normal,no,76.9,14.31,8.83,11.86,7.64
2023,2023-08-14,2023-08-20,8,Kalutara South,beach,low,normal,no,76.9,10.72,6.77,8.82,5.57
2023,2023-08-14,2023-08-20,8,Katukurunda 1,muslim_area,high,normal,no,76.9,27.88,17.67,24.02,15.17
2023,2023-08-14,2023-08-20,8,Katukurunda 2,town,medium,normal,no,76.9,17.27,10.88,15.03,9.2
2023,2023-08-21,2023-08-27,8,Kalutara North,town,medium,normal,no,24.8,11.86,7.64,13.41,8.59
2023,2023-08-21,2023-08-27,8,Kalutara South,beach,low,normal,no,24.8,8.82,5.57,10.11,6.49
2023,2023-08-21,2023-08-27,8,Katukurunda 1,muslim_area,high,normal,no,24.8,24.02,15.17,27.82,17.31
2023,2023-08-21,2023-08-27,8,Katukurunda 2,town,medium,normal,no,24.8,15.03,9.2,17.35,10.82
2023,2023-08-28,2023-08-31,8,Kalutara North,town,medium,holiday,no,11.3,13.41,8.59,9.18,5.84
2023,2023-08-28,2023-08-31,8,Kalutara South,beach,low,holiday,no,11.3,10.11,6.49,6.8,4.46
2023,2023-08-28,2023-08-31,8,Katukurunda 1,muslim_area,high,holiday,no,11.3,27.82,17.31,18.55,11.69
2023,2023-08-28,2023-08-31,8,Katukurunda 2,town,medium,holiday,no,11.3,17.35,10.82,11.76,7.14
2023,2023-09-01,2023-09-10,9,Kalutara North,town,medium,normal,no,31.7,9.18,5.84,24.74,8.49
2023,2023-09-01,2023-09-10,9,Kalutara South,beach,low,normal,no,31.7,6.8,4.46,18.69,6.38
2023,2023-09-01,2023-09-10,9,Katukurunda 1,muslim_area,high,normal,no,31.7,18.55,11.69,48.08,17.03
2023,2023-09-01,2023-09-10,9,Katukurunda 2,town,medium,normal,no,31.7,11.76,7.14,29.58,10.9
2023,2023-09-11,2023-09-17,9,Kalutara North,town,medium,normal,no,44.2,24.74,8.49,24.08,8.6
2023,2023-09-11,2023-09-17,9,Kalutara South,beach,low,normal,no,44.2,18.69,6.38,18.23,6.18
2023,2023-09-11,2023-09-17,9,Katukurunda 1,muslim_area,high,normal,no,44.2,48.08,17.03,46.48,16.47
2023,2023-09-11,2023-09-17,9,Katukurunda 2,town,medium,normal,no,44.2,29.58,10.9,29.92,10.71
2023,2023-09-18,2023-09-24,9,Kalutara North,town,medium,normal,no,69.1,24.08,8.6,22.39,7.88
2023,2023-09-18,2023-09-24,9,Kalutara South,beach,low,normal,no,69.1,18.23,6.18,15.99,5.88
2023,2023-09-18,2023-09-24,9,Katukurunda 1,muslim_area,high,normal,no,69.1,46.48,16.47,44.08,15.3
2023,2023-09-18,2023-09-24,9,Katukurunda 2,town,medium,normal,no,69.1,29.92,10.71,26.75,9.55
2023,2023-09-25,2023-09-30,9,Kalutara North,town,medium,festival,yes,26.1,22.39,7.88,25.36,8.75
2023,2023-09-25,2023-09-30,9,Kalutara South,beach,low,festival,yes,26.1,15.99,5.88,18.75,6.81
2023,2023-09-25,2023-09-30,9,Katukurunda 1,muslim_area,high,festival,yes,26.1,44.08,15.3,50.72,17.86
2023,2023-09-25,2023-09-30,9,Katukurunda 2,town,medium,festival,yes,26.1,26.75,9.55,31.01,11.04
2023,2023-10-01,2023-10-08,10,Kalutara North,town,medium,normal,no,270.7,25.36,8.75,25.28,22.96
2023,2023-10-01,2023-10-08,10,Kalutara South,beach,low,normal,no,270.7,18.75,6.81,19.17,17.65
2023,2023-10-01,2023-10-08,10,Katukurunda 1,muslim_area,high,normal,no,270.7,50.72,17.86,51.07,46.62
2023,2023-10-01,2023-10-08,10,Katukurunda 2,town,medium,normal,no,270.7,31.01,11.04,32.31,29.46
2023,2023-10-09,2023-10-15,10,Kalutara North,town,medium,normal,no,42.9,25.28,22.96,23.46,21.44
2023,2023-10-09,2023-10-15,10,Kalutara South,beach,low,normal,no,42.9,19.17,17.65,17.62,15.97
2023,2023-10-09,2023-10-15,10,Katukurunda 1,muslim_area,high,normal,no,42.9,51.07,46.62,47.14,43.06
2023,2023-10-09,2023-10-15,10,Katukurunda 2,town,medium,normal,no,42.9,32.31,29.46,29.58,27.06
2023,2023-10-16,2023-10-22,10,Kalutara North,town,medium,normal,no,137.3,23.46,21.44,22.6,21.36
2023,2023-10-16,2023-10-22,10,Kalutara South,beach,low,normal,no,137.3,17.62,15.97,16.95,15.45
2023,2023-10-16,2023-10-22,10,Katukurunda 1,muslim_area,high,normal,no,137.3,47.14,43.06,44.45,40.67
2023,2023-10-16,2023-10-22,10,Katukurunda 2,town,medium,normal,no,137.3,29.58,27.06,28.79,25.48
2023,2023-10-23,2023-10-31,10,Kalutara North,town,medium,holiday,no,36.4,22.6,21.36,28.55,25.52
2023,2023-10-23,2023-10-31,10,Kalutara South,beach,low,holiday,no,36.4,16.95,15.45,22.3,19.77
2023,2023-10-23,2023-10-31,10,Katukurunda 1,muslim_area,high,holiday,no,36.4,44.45,40.67,56.3,53.11
2023,2023-10-23,2023-10-31,10,Katukurunda 2,town,medium,holiday,no,36.4,28.79,25.48,35.73,32.03
2023,2023-11-01,2023-11-05,11,Kalutara North,town,medium,normal,no,47.7,28.55,25.52,11.51,15.65
2023,2023-11-01,2023-11-05,11,Kalutara South,beach,low,normal,no,47.7,22.3,19.77,8.84,11.79
2023,2023-11-01,2023-11-05,11,Katukurunda 1,muslim_area,high,normal,no,47.7,56.3,53.11,23.76,31.59
2023,2023-11-01,2023-11-05,11,Katukurunda 2,town,medium,normal,no,47.7,35.73,32.03,15.14,19.78
2023,2023-11-06,2023-11-12,11,Kalutara North,town,medium,holiday,no,9.9,11.51,15.65,17.39,22.41
2023,2023-11-06,2023-11-12,11,Kalutara South,beach,low,holiday,no,9.9,8.84,11.79,12.95,16.7
2023,2023-11-06,2023-11-12,11,Katukurunda 1,muslim_area,high,holiday,no,9.9,23.76,31.59,33.77,46.11
2023,2023-11-06,2023-11-12,11,Katukurunda 2,town,medium,holiday,no,9.9,15.14,19.78,21.06,28.06
2023,2023-11-13,2023-11-19,11,Kalutara North,town,medium,normal,no,30.1,17.39,22.41,15.61,21.06
2023,2023-11-13,2023-11-19,11,Kalutara South,beach,low,normal,no,30.1,12.95,16.7,11.89,15.82
2023,2023-11-13,2023-11-19,11,Katukurunda 1,muslim_area,high,normal,no,30.1,33.77,46.11,31.09,40.76
2023,2023-11-13,2023-11-19,11,Katukurunda 2,town,medium,normal,no,30.1,21.06,28.06,19.17,25.79
2023,2023-11-20,2023-11-26,11,Kalutara North,town,medium,holiday,no,31.8,15.61,21.06,16.01,21.49
2023,2023-11-20,2023-11-26,11,Kalutara South,beach,low,holiday,no,31.8,11.89,15.82,11.82,15.72
2023,2023-11-20,2023-11-26,11,Katukurunda 1,muslim_area,high,holiday,no,31.8,31.09,40.76,31.2,42.28
2023,2023-11-20,2023-11-26,11,Katukurunda 2,town,medium,holiday,no,31.8,19.17,25.79,20.58,26.41
2023,2023-11-27,2023-11-30,11,Kalutara North,town,medium,normal,no,70.0,16.01,21.49,13.49,17.77
2023,2023-11-27,2023-11-30,11,Kalutara South,beach,low,normal,no,70.0,11.82,15.72,10.56,13.71
2023,2023-11-27,2023-11-30,11,Katukurunda 1,muslim_area,high,normal,no,70.0,31.2,42.28,27.62,36.34
2023,2023-11-27,2023-11-30,11,Katukurunda 2,town,medium,normal,no,70.0,20.58,26.41,16.83,23.3
2023,2023-12-01,2023-12-10,12,Kalutara North,town,medium,normal,no,16.6,13.49,17.77,24.46,8.43
2023,2023-12-01,2023-12-10,12,Kalutara South,beach,low,normal,no,16.6,10.56,13.71,18.23,6.3
2023,2023-12-01,2023-12-10,12,Katukurunda 1,muslim_area,high,normal,no,16.6,27.62,36.34,47.31,17.41
2023,2023-12-01,2023-12-10,12,Katukurunda 2,town,medium,normal,no,16.6,16.83,23.3,29.57,10.66
2023,2023-12-11,2023-12-17,12,Kalutara North,town,medium,normal,no,9.4,24.46,8.43,18.49,7.82
2023,2023-12-11,2023-12-17,12,Kalutara South,beach,low,normal,no,9.4,18.23,6.3,14.16,6.09
2023,2023-12-11,2023-12-17,12,Katukurunda 1,muslim_area,high,normal,no,9.4,47.31,17.41,36.17,15.5
2023,2023-12-11,2023-12-17,12,Katukurunda 2,town,medium,normal,no,9.4,29.57,10.66,22.97,10.18
2023,2023-12-18,2023-12-24,12,Kalutara North,town,medium,normal,no,43.8,18.49,7.82,22.75,7.69
2023,2023-12-18,2023-12-24,12,Kalutara South,beach,low,normal,no,43.8,14.16,6.09,17.04,5.56
2023,2023-12-18,2023-12-24,12,Katukurunda 1,muslim_area,high,normal,no,43.8,36.17,15.5,43.45,15.17
2023,2023-12-18,2023-12-24,12,Katukurunda 2,town,medium,normal,no,43.8,22.97,10.18,27.47,9.47
2023,2023-12-25,2023-12-31,12,Kalutara North,town,medium,festival,yes,49.6,22.75,7.69,24.52,8.99
2023,2023-12-25,2023-12-31,12,Kalutara South,beach,low,festival,yes,49.6,17.04,5.56,17.99,6.6
2023,2023-12-25,2023-12-31,12,Katukurunda 1,muslim_area,high,festival,yes,49.6,43.45,15.17,48.76,18.12
2023,2023-12-25,2023-12-31,12,Katukurunda 2,town,medium,festival,yes,49.6,27.47,9.47,29.48,10.78
2024,2024-01-01,2024-01-07,1,Kalutara North,town,medium,normal,no,1.4,24.52,8.99,12.43,6.18
2024,2024-01-01,2024-01-07,1,Kalutara South,beach,low,normal,no,1.4,17.99,6.6,8.98,4.83
2024,2024-01-01,2024-01-07,1,Katukurunda 1,muslim_area,high,normal,no,1.4,48.76,18.12,24.44,12.48
2024,2024-01-01,2024-01-07,1,Katukurunda 2,town,medium,normal,no,1.4,29.48,10.78,15.26,7.8
2024,2024-01-08,2024-01-14,1,Kalutara North,town,medium,normal,no,11.0,12.43,6.18,14.76,7.74
2024,2024-01-08,2024-01-14,1,Kalutara South,beach,low,normal,no,11.0,8.98,4.83,11.23,5.92
2024,2024-01-08,2024-01-14,1,Katukurunda 1,muslim_area,high,normal,no,11.0,24.44,12.48,30.23,15.24
2024,2024-01-08,2024-01-14,1,Katukurunda 2,town,medium,normal,no,11.0,15.26,7.8,19.18,9.7
2024,2024-01-15,2024-01-21,1,Kalutara North,town,medium,holiday,no,5.4,14.76,7.74,16.16,8.08
2024,2024-01-15,2024-01-21,1,Kalutara South,beach,low,holiday,no,5.4,11.23,5.92,12.02,6.18
2024,2024-01-15,2024-01-21,1,Katukurunda 1,muslim_area,high,holiday,no,5.4,30.23,15.24,31.73,16.02
2024,2024-01-15,2024-01-21,1,Katukurunda 2,town,medium,holiday,no,5.4,19.18,9.7,19.08,10.21
2024,2024-01-22,2024-01-28,1,Kalutara North,town,medium,holiday,no,14.5,16.16,8.08,13.92,7.43
2024,2024-01-22,2024-01-28,1,Kalutara South,beach,low,holiday,no,14.5,12.02,6.18,11.07,5.47
2024,2024-01-22,2024-01-28,1,Katukurunda 1,muslim_area,high,holiday,no,14.5,31.73,16.02,29.2,14.65
2024,2024-01-22,2024-01-28,1,Katukurunda 2,town,medium,holiday,no,14.5,19.08,10.21,17.61,9.25
2024,2024-01-29,2024-01-31,1,Kalutara North,town,medium,normal,no,9.1,13.92,7.43,14.48,7.26
2024,2024-01-29,2024-01-31,1,Kalutara South,beach,low,normal,no,9.1,11.07,5.47,10.88,5.43
2024,2024-01-29,2024-01-31,1,Katukurunda 1,muslim_area,high,normal,no,9.1,29.2,14.65,29.12,14.94
2024,2024-01-29,2024-01-31,1,Katukurunda 2,town,medium,normal,no,9.1,17.61,9.25,18.5,9.11
2024,2024-02-01,2024-02-11,2,Kalutara North,town,medium,holiday,no,20.1,14.48,7.26,17.96,7.55
2024,2024-02-01,2024-02-11,2,Kalutara South,beach,low,holiday,no,20.1,10.88,5.43,13.6,5.68
2024,2024-02-01,2024-02-11,2,Katukurunda 1,muslim_area,high,holiday,no,20.1,29.12,14.94,35.43,15.1
2024,2024-02-01,2024-02-11,2,Katukurunda 2,town,medium,holiday,no,20.1,18.5,9.11,22.81,9.78
2024,2024-02-12,2024-02-18,2,Kalutara North,town,medium,normal,no,1.5,17.96,7.55,16.14,6.96
2024,2024-02-12,2024-02-18,2,Kalutara South,beach,low,normal,no,1.5,13.6,5.68,11.73,5.06
2024,2024-02-12,2024-02-18,2,Katukurunda 1,muslim_area,high,normal,no,1.5,35.43,15.1,31.7,13.61
2024,2024-02-12,2024-02-18,2,Katukurunda 2,town,medium,normal,no,1.5,22.81,9.78,20.33,8.47
2024,2024-02-19,2024-02-25,2,Kalutara North,town,medium,holiday,yes,20.6,16.14,6.96,16.47,6.95
2024,2024-02-19,2024-02-25,2,Kalutara South,beach,low,holiday,yes,20.6,11.73,5.06,12.1,5.26
2024,2024-02-19,2024-02-25,2,Katukurunda 1,muslim_area,high,holiday,yes,20.6,31.7,13.61,33.95,14.12
2024,2024-02-19,2024-02-25,2,Katukurunda 2,town,medium,holiday,yes,20.6,20.33,8.47,20.61,8.85
2024,2024-02-26,2024-02-29,2,Kalutara North,town,medium,normal,no,1.6,16.47,6.95,16.05,6.63
2024,2024-02-26,2024-02-29,2,Kalutara South,beach,low,normal,no,1.6,12.1,5.26,12.0,5.06
2024,2024-02-26,2024-02-29,2,Katukurunda 1,muslim_area,high,normal,no,1.6,33.95,14.12,32.15,13.73
2024,2024-02-26,2024-02-29,2,Katukurunda 2,town,medium,normal,no,1.6,20.61,8.85,19.61,8.48
2024,2024-03-01,2024-03-10,3,Kalutara North,town,medium,holiday,no,22.6,16.05,6.63,24.51,7.48
2024,2024-03-01,2024-03-10,3,Kalutara South,beach,low,holiday,no,22.6,12.0,5.06,17.74,5.43
2024,2024-03-01,2024-03-10,3,Katukurunda 1,muslim_area,high,holiday,no,22.6,32.15,13.73,48.21,14.72
2024,2024-03-01,2024-03-10,3,Katukurunda 2,town,medium,holiday,no,22.6,19.61,8.48,30.15,9.27
2024,2024-03-11,2024-03-17,3,Kalutara North,town,medium,normal,no,15.6,24.51,7.48,21.52,6.57
2024,2024-03-11,2024-03-17,3,Kalutara South,beach,low,normal,no,15.6,17.74,5.43,16.18,4.96
2024,2024-03-11,2024-03-17,3,Katukurunda 1,muslim_area,high,normal,no,15.6,48.21,14.72,42.6,12.96
2024,2024-03-11,2024-03-17,3,Katukurunda 2,town,medium,normal,no,15.6,30.15,9.27,25.9,8.01
2024,2024-03-18,2024-03-24,3,Kalutara North,town,medium,holiday,no,6.0,21.52,6.57,20.99,6.65
2024,2024-03-18,2024-03-24,3,Kalutara South,beach,low,holiday,no,6.0,16.18,4.96,16.3,5.02
2024,2024-03-18,2024-03-24,3,Katukurunda 1,muslim_area,high,holiday,no,6.0,42.6,12.96,44.16,12.9
2024,2024-03-18,2024-03-24,3,Katukurunda 2,town,medium,holiday,no,6.0,25.9,8.01,26.84,8.43
2024,2024-03-25,2024-03-31,3,Kalutara North,town,medium,holiday,no,41.1,20.99,6.65,22.38,6.85
2024,2024-03-25,2024-03-31,3,Kalutara South,beach,low,holiday,no,41.1,16.3,5.02,16.66,5.02
2024,2024-03-25,2024-03-31,3,Katukurunda 1,muslim_area,high,holiday,no,41.1,44.16,12.9,44.88,13.88
2024,2024-03-25,2024-03-31,3,Katukurunda 2,town,medium,holiday,no,41.1,26.84,8.43,28.62,8.39
2024,2024-04-01,2024-04-07,4,Kalutara North,town,medium,normal,no,74.3,22.38,6.85,20.97,7.4
2024,2024-04-01,2024-04-07,4,Kalutara South,beach,low,normal,no,74.3,16.66,5.02,15.41,5.43
2024,2024-04-01,2024-04-07,4,Katukurunda 1,muslim_area,high,normal,no,74.3,44.88,13.88,43.23,14.5
2024,2024-04-01,2024-04-07,4,Katukurunda 2,town,medium,normal,no,74.3,28.62,8.39,25.7,9.06
2024,2024-04-08,2024-04-14,4,Kalutara North,town,medium,festival,yes,88.1,20.97,7.4,22.79,8.23
2024,2024-04-08,2024-04-14,4,Kalutara South,beach,low,festival,yes,88.1,15.41,5.43,17.76,6.0
2024,2024-04-08,2024-04-14,4,Katukurunda 1,muslim_area,high,festival,yes,88.1,43.23,14.5,47.6,16.68
2024,2024-04-08,2024-04-14,4,Katukurunda 2,town,medium,festival,yes,88.1,25.7,9.06,29.45,10.1
2024,2024-04-15,2024-04-21,4,Kalutara North,town,medium,normal,no,30.5,22.79,8.23,20.98,7.21
2024,2024-04-15,2024-04-21,4,Kalutara South,beach,low,normal,no,30.5,17.76,6.0,15.13,5.53
2024,2024-04-15,2024-04-21,4,Katukurunda 1,muslim_area,high,normal,no,30.5,47.6,16.68,41.17,14.33
2024,2024-04-15,2024-04-21,4,Katukurunda 2,town,medium,normal,no,30.5,29.45,10.1,26.12,8.93
2024,2024-04-22,2024-04-30,4,Kalutara North,town,medium,holiday,yes,140.6,20.98,7.21,22.26,7.62
2024,2024-04-22,2024-04-30,4,Kalutara South,beach,low,holiday,yes,140.6,15.13,5.53,16.65,5.74
2024,2024-04-22,2024-04-30,4,Katukurunda 1,muslim_area,high,holiday,yes,140.6,41.17,14.33,43.66,14.98
2024,2024-04-22,2024-04-30,4,Katukurunda 2,town,medium,holiday,yes,140.6,26.12,8.93,26.72,9.48
2024,2024-05-01,2024-05-05,5,Kalutara North,town,medium,holiday,no,52.2,22.26,7.62,17.82,5.67
2024,2024-05-01,2024-05-05,5,Kalutara South,beach,low,holiday,no,52.2,16.65,5.74,13.51,4.3
2024,2024-05-01,2024-05-05,5,Katukurunda 1,muslim_area,high,holiday,no,52.2,43.66,14.98,36.63,11.19
2024,2024-05-01,2024-05-05,5,Katukurunda 2,town,medium,holiday,no,52.2,26.72,9.48,22.44,7.14
2024,2024-05-06,2024-05-12,5,Kalutara North,town,medium,normal,no,170.2,17.82,5.67,17.96,5.52
2024,2024-05-06,2024-05-12,5,Kalutara South,beach,low,normal,no,170.2,13.51,4.3,13.72,4.3
2024,2024-05-06,2024-05-12,5,Katukurunda 1,muslim_area,high,normal,no,170.2,36.63,11.19,36.06,11.11
2024,2024-05-06,2024-05-12,5,Katukurunda 2,town,medium,normal,no,170.2,22.44,7.14,22.96,7.29
2024,2024-05-13,2024-05-19,5,Kalutara North,town,medium,normal,no,82.6,17.96,5.52,19.1,5.93
2024,2024-05-13,2024-05-19,5,Kalutara South,beach,low,normal,no,82.6,13.72,4.3,14.21,4.46
2024,2024-05-13,2024-05-19,5,Katukurunda 1,muslim_area,high,normal,no,82.6,36.06,11.11,37.77,11.89
2024,2024-05-13,2024-05-19,5,Katukurunda 2,town,medium,normal,no,82.6,22.96,7.29,23.91,7.32
2024,2024-05-20,2024-05-26,5,Kalutara North,town,medium,festival,yes,75.0,19.1,5.93,20.19,6.15
2024,2024-05-20,2024-05-26,5,Kalutara South,beach,low,festival,yes,75.0,14.21,4.46,15.0,4.65
2024,2024-05-20,2024-05-26,5,Katukurunda 1,muslim_area,high,festival,yes,75.0,37.77,11.89,40.04,12.66
2024,2024-05-20,2024-05-26,5,Katukurunda 2,town,medium,festival,yes,75.0,23.91,7.32,24.37,7.74
2024,2024-05-27,2024-05-31,5,Kalutara North,town,medium,normal,no,16.7,20.19,6.15,15.3,4.63
2024,2024-05-27,2024-05-31,5,Kalutara South,beach,low,normal,no,16.7,15.0,4.65,11.41,3.61
2024,2024-05-27,2024-05-31,5,Katukurunda 1,muslim_area,high,normal,no,16.7,40.04,12.66,31.3,9.74
2024,2024-05-27,2024-05-31,5,Katukurunda 2,town,medium,normal,no,16.7,24.37,7.74,18.89,6.02
2024,2024-06-01,2024-06-09,6,Kalutara North,town,medium,normal,no,121.2,15.3,4.63,23.62,5.97
2024,2024-06-01,2024-06-09,6,Kalutara South,beach,low,normal,no,121.2,11.41,3.61,17.88,4.5
2024,2024-06-01,2024-06-09,6,Katukurunda 1,muslim_area,high,normal,no,121.2,31.3,9.74,46.42,12.22
2024,2024-06-01,2024-06-09,6,Katukurunda 2,town,medium,normal,no,121.2,18.89,6.02,29.52,7.67
2024,2024-06-10,2024-06-16,6,Kalutara North,town,medium,normal,no,123.5,23.62,5.97,22.07,5.75
2024,2024-06-10,2024-06-16,6,Kalutara South,beach,low,normal,no,123.5,17.88,4.5,16.21,4.33
2024,2024-06-10,2024-06-16,6,Katukurunda 1,muslim_area,high,normal,no,123.5,46.42,12.22,44.93,11.62
2024,2024-06-10,2024-06-16,6,Katukurunda 2,town,medium,normal,no,123.5,29.52,7.67,27.8,7.19
2024,2024-06-17,2024-06-23,6,Kalutara North,town,medium,festival,yes,62.4,22.07,5.75,24.37,6.68
2024,2024-06-17,2024-06-23,6,Kalutara South,beach,low,festival,yes,62.4,16.21,4.33,19.22,4.88
2024,2024-06-17,2024-06-23,6,Katukurunda 1,muslim_area,high,festival,yes,62.4,44.93,11.62,51.43,13.31
2024,2024-06-17,2024-06-23,6,Katukurunda 2,town,medium,festival,yes,62.4,27.8,7.19,31.58,8.03
2024,2024-06-24,2024-06-30,6,Kalutara North,town,medium,normal,no,19.4,24.37,6.68,22.89,5.94
2024,2024-06-24,2024-06-30,6,Kalutara South,beach,low,normal,no,19.4,19.22,4.88,16.99,4.28
2024,2024-06-24,2024-06-30,6,Katukurunda 1,muslim_area,high,normal,no,19.4,51.43,13.31,46.21,11.7
2024,2024-06-24,2024-06-30,6,Katukurunda 2,town,medium,normal,no,19.4,31.58,8.03,27.52,7.49
2024,2024-07-01,2024-07-07,7,Kalutara North,town,medium,normal,no,6.4,22.89,5.94,17.57,6.08
2024,2024-07-01,2024-07-07,7,Kalutara South,beach,low,normal,no,6.4,16.99,4.28,13.37,4.79
2024,2024-07-01,2024-07-07,7,Katukurunda 1,muslim_area,high,normal,no,6.4,46.21,11.7,35.79,12.71
2024,2024-07-01,2024-07-07,7,Katukurunda 2,town,medium,normal,no,6.4,27.52,7.49,22.4,7.75
2024,2024-07-08,2024-07-14,7,Kalutara North,town,medium,normal,no,40.7,17.57,6.08,18.92,6.65
2024,2024-07-08,2024-07-14,7,Kalutara South,beach,low,normal,no,40.7,13.37,4.79,14.38,4.82
2024,2024-07-08,2024-07-14,7,Katukurunda 1,muslim_area,high,normal,no,40.7,35.79,12.71,37.12,12.99
2024,2024-07-08,2024-07-14,7,Katukurunda 2,town,medium,normal,no,40.7,22.4,7.75,23.18,8.33
2024,2024-07-15,2024-07-21,7,Kalutara North,town,medium,holiday,no,66.8,18.92,6.65,19.6,7.01
2024,2024-07-15,2024-07-21,7,Kalutara South,beach,low,holiday,no,66.8,14.38,4.82,14.46,5.04
2024,2024-07-15,2024-07-21,7,Katukurunda 1,muslim_area,high,holiday,no,66.8,37.12,12.99,38.78,13.97
2024,2024-07-15,2024-07-21,7,Katukurunda 2,town,medium,holiday,no,66.8,23.18,8.33,25.16,8.48
2024,2024-07-22,2024-07-28,7,Kalutara North,town,medium,normal,no,54.6,19.6,7.01,17.54,6.15
2024,2024-07-22,2024-07-28,7,Kalutara South,beach,low,normal,no,54.6,14.46,5.04,12.92,4.74
2024,2024-07-22,2024-07-28,7,Katukurunda 1,muslim_area,high,normal,no,54.6,38.78,13.97,35.93,12.3
2024,2024-07-22,2024-07-28,7,Katukurunda 2,town,medium,normal,no,54.6,25.16,8.48,22.61,8.01
2024,2024-07-29,2024-07-31,7,Kalutara North,town,medium,normal,no,26.9,17.54,6.15,14.83,5.41
2024,2024-07-29,2024-07-31,7,Kalutara South,beach,low,normal,no,26.9,12.92,4.74,11.16,4.05
2024,2024-07-29,2024-07-31,7,Katukurunda 1,muslim_area,high,normal,no,26.9,35.93,12.3,30.89,10.69
2024,2024-07-29,2024-07-31,7,Katukurunda 2,town,medium,normal,no,26.9,22.61,8.01,18.83,6.45
2024,2024-08-01,2024-08-04,8,Kalutara North,town,medium,normal,no,18.8,14.83,5.41,12.06,5.83
2024,2024-08-01,2024-08-04,8,Kalutara South,beach,low,normal,no,18.8,11.16,4.05,9.17,4.39
2024,2024-08-01,2024-08-04,8,Katukurunda 1,muslim_area,high,normal,no,18.8,30.89,10.69,23.75,12.0
2024,2024-08-01,2024-08-04,8,Katukurunda 2,town,medium,normal,no,18.8,18.83,6.45,14.52,7.27
2024,2024-08-05,2024-08-11,8,Kalutara North,town,medium,normal,no,34.9,12.06,5.83,14.33,7.15
2024,2024-08-05,2024-08-11,8,Kalutara South,beach,low,normal,no,34.9,9.17,4.39,10.78,5.46
2024,2024-08-05,2024-08-11,8,Katukurunda 1,muslim_area,high,normal,no,34.9,23.75,12.0,29.51,14.74
2024,2024-08-05,2024-08-11,8,Katukurunda 2,town,medium,normal,no,34.9,14.52,7.27,18.58,9.05
2024,2024-08-12,2024-08-18,8,Kalutara North,town,medium,normal,no,26.8,14.33,7.15,13.74,6.89
2024,2024-08-12,2024-08-18,8,Kalutara South,beach,low,normal,no,26.8,10.78,5.46,10.35,5.28
2024,2024-08-12,2024-08-18,8,Katukurunda 1,muslim_area,high,normal,no,26.8,29.51,14.74,28.65,13.62
2024,2024-08-12,2024-08-18,8,Katukurunda 2,town,medium,normal,no,26.8,18.58,9.05,17.64,8.98
2024,2024-08-19,2024-08-25,8,Kalutara North,town,medium,holiday,no,18.6,13.74,6.89,15.54,7.57
2024,2024-08-19,2024-08-25,8,Kalutara South,beach,low,holiday,no,18.6,10.35,5.28,11.66,5.67
2024,2024-08-19,2024-08-25,8,Katukurunda 1,muslim_area,high,holiday,no,18.6,28.65,13.62,30.19,15.62
2024,2024-08-19,2024-08-25,8,Katukurunda 2,town,medium,holiday,no,18.6,17.64,8.98,19.51,9.35
2024,2024-08-26,2024-08-31,8,Kalutara North,town,medium,normal,no,85.7,15.54,7.57,13.91,6.84
2024,2024-08-26,2024-08-31,8,Kalutara South,beach,low,normal,no,85.7,11.66,5.67,10.73,5.02
2024,2024-08-26,2024-08-31,8,Katukurunda 1,muslim_area,high,normal,no,85.7,30.19,15.62,27.76,13.97
2024,2024-08-26,2024-08-31,8,Katukurunda 2,town,medium,normal,no,85.7,19.51,9.35,17.39,8.78
2024,2024-09-01,2024-09-08,9,Kalutara North,town,medium,normal,no,70.5,13.91,6.84,22.07,7.97
2024,2024-09-01,2024-09-08,9,Kalutara South,beach,low,normal,no,70.5,10.73,5.02,16.99,5.83
2024,2024-09-01,2024-09-08,9,Katukurunda 1,muslim_area,high,normal,no,70.5,27.76,13.97,46.1,15.24
2024,2024-09-01,2024-09-08,9,Katukurunda 2,town,medium,normal,no,70.5,17.39,8.78,28.19,9.74
2024,2024-09-09,2024-09-15,9,Kalutara North,town,medium,normal,no,21.6,22.07,7.97,21.38,7.23
2024,2024-09-09,2024-09-15,9,Kalutara South,beach,low,normal,no,21.6,16.99,5.83,15.77,5.42
2024,2024-09-09,2024-09-15,9,Katukurunda 1,muslim_area,high,normal,no,21.6,46.1,15.24,42.8,14.74
2024,2024-09-09,2024-09-15,9,Katukurunda 2,town,medium,normal,no,21.6,28.19,9.74,26.95,9.12
2024,2024-09-16,2024-09-22,9,Kalutara North,town,medium,festival,yes,142.7,21.38,7.23,24.33,8.22
2024,2024-09-16,2024-09-22,9,Kalutara South,beach,low,festival,yes,142.7,15.77,5.42,18.72,6.33
2024,2024-09-16,2024-09-22,9,Katukurunda 1,muslim_area,high,festival,yes,142.7,42.8,14.74,47.66,16.51
2024,2024-09-16,2024-09-22,9,Katukurunda 2,town,medium,festival,yes,142.7,26.95,9.12,30.89,10.45
2024,2024-09-23,2024-09-30,9,Kalutara North,town,medium,normal,no,95.8,24.33,8.22,21.96,7.4
2024,2024-09-23,2024-09-30,9,Kalutara South,beach,low,normal,no,95.8,18.72,6.33,16.48,5.46
2024,2024-09-23,2024-09-30,9,Katukurunda 1,muslim_area,high,normal,no,95.8,47.66,16.51,43.97,14.88
2024,2024-09-23,2024-09-30,9,Katukurunda 2,town,medium,normal,no,95.8,30.89,10.45,26.58,9.26
2024,2024-10-01,2024-10-06,10,Kalutara North,town,medium,normal,no,37.1,21.96,7.4,19.37,20.3
2024,2024-10-01,2024-10-06,10,Kalutara South,beach,low,normal,no,37.1,16.48,5.46,15.03,14.61
2024,2024-10-01,2024-10-06,10,Katukurunda 1,muslim_area,high,normal,no,37.1,43.97,14.88,40.37,38.89
2024,2024-10-01,2024-10-06,10,Katukurunda 2,town,medium,normal,no,37.1,26.58,9.26,25.02,24.1
2024,2024-10-07,2024-10-13,10,Kalutara North,town,medium,normal,no,56.0,19.37,20.3,21.07,20.73
2024,2024-10-07,2024-10-13,10,Kalutara South,beach,low,normal,no,56.0,15.03,14.61,15.75,14.88
2024,2024-10-07,2024-10-13,10,Katukurunda 1,muslim_area,high,normal,no,56.0,40.37,38.89,42.01,41.73
2024,2024-10-07,2024-10-13,10,Katukurunda 2,town,medium,normal,no,56.0,25.02,24.1,25.97,25.56
2024,2024-10-14,2024-10-20,10,Kalutara North,town,medium,holiday,no,30.8,21.07,20.73,22.57,21.05
2024,2024-10-14,2024-10-20,10,Kalutara South,beach,low,holiday,no,30.8,15.75,14.88,16.38,16.05
2024,2024-10-14,2024-10-20,10,Katukurunda 1,muslim_area,high,holiday,no,30.8,42.01,41.73,43.43,43.6
2024,2024-10-14,2024-10-20,10,Katukurunda 2,town,medium,holiday,no,30.8,25.97,25.56,27.42,27.1
2024,2024-10-21,2024-10-27,10,Kalutara North,town,medium,normal,no,82.5,22.57,21.05,19.8,19.36
2024,2024-10-21,2024-10-27,10,Kalutara South,beach,low,normal,no,82.5,16.38,16.05,15.14,14.6
2024,2024-10-21,2024-10-27,10,Katukurunda 1,muslim_area,high,normal,no,82.5,43.43,43.6,39.17,38.7
2024,2024-10-21,2024-10-27,10,Katukurunda 2,town,medium,normal,no,82.5,27.42,27.1,25.58,24.97
2024,2024-10-28,2024-10-31,10,Kalutara North,town,medium,holiday,no,41.0,19.8,19.36,17.33,16.55
2024,2024-10-28,2024-10-31,10,Kalutara South,beach,low,holiday,no,41.0,15.14,14.6,12.44,12.98
2024,2024-10-28,2024-10-31,10,Katukurunda 1,muslim_area,high,holiday,no,41.0,39.17,38.7,33.9,32.74
2024,2024-10-28,2024-10-31,10,Katukurunda 2,town,medium,holiday,no,41.0,25.58,24.97,21.13,21.03
2024,2024-11-01,2024-11-10,11,Kalutara North,town,medium,normal,no,114.6,17.33,16.55,20.96,28.05
2024,2024-11-01,2024-11-10,11,Kalutara South,beach,low,normal,no,114.6,12.44,12.98,15.93,20.16
2024,2024-11-01,2024-11-10,11,Katukurunda 1,muslim_area,high,normal,no,114.6,33.9,32.74,40.39,54.43
2024,2024-11-01,2024-11-10,11,Katukurunda 2,town,medium,normal,no,114.6,21.13,21.03,25.72,35.36
2024,2024-11-11,2024-11-17,11,Kalutara North,town,medium,holiday,yes,45.7,20.96,28.05,18.61,24.04
2024,2024-11-11,2024-11-17,11,Kalutara South,beach,low,holiday,yes,45.7,15.93,20.16,13.88,19.1
2024,2024-11-11,2024-11-17,11,Katukurunda 1,muslim_area,high,holiday,yes,45.7,40.39,54.43,37.29,50.24
2024,2024-11-11,2024-11-17,11,Katukurunda 2,town,medium,holiday,yes,45.7,25.72,35.36,22.82,31.34
2024,2024-11-18,2024-11-24,11,Kalutara North,town,medium,normal,no,64.1,18.61,24.04,18.27,24.64
2024,2024-11-18,2024-11-24,11,Kalutara South,beach,low,normal,no,64.1,13.88,19.1,13.72,19.0
2024,2024-11-18,2024-11-24,11,Katukurunda 1,muslim_area,high,normal,no,64.1,37.29,50.24,37.26,48.99
2024,2024-11-18,2024-11-24,11,Katukurunda 2,town,medium,normal,no,64.1,22.82,31.34,22.85,30.57
2024,2024-11-25,2024-11-30,11,Kalutara North,town,medium,normal,no,94.2,18.27,24.64,18.79,24.61
2024,2024-11-25,2024-11-30,11,Kalutara South,beach,low,normal,no,94.2,13.72,19.0,13.79,17.81
2024,2024-11-25,2024-11-30,11,Katukurunda 1,muslim_area,high,normal,no,94.2,37.26,48.99,35.52,48.33
2024,2024-11-25,2024-11-30,11,Katukurunda 2,town,medium,normal,no,94.2,22.85,30.57,22.7,30.85
2024,2024-12-01,2024-12-08,12,Kalutara North,town,medium,normal,no,51.4,18.79,24.61,23.57,7.53
2024,2024-12-01,2024-12-08,12,Kalutara South,beach,low,normal,no,51.4,13.79,17.81,17.39,5.8
2024,2024-12-01,2024-12-08,12,Katukurunda 1,muslim_area,high,normal,no,51.4,35.52,48.33,47.2,15.05
2024,2024-12-01,2024-12-08,12,Katukurunda 2,town,medium,normal,no,51.4,22.7,30.85,28.76,9.63
2024,2024-12-09,2024-12-15,12,Kalutara North,town,medium,holiday,no,83.8,23.57,7.53,22.01,7.3
2024,2024-12-09,2024-12-15,12,Kalutara South,beach,low,holiday,no,83.8,17.39,5.8,16.34,5.48
2024,2024-12-09,2024-12-15,12,Katukurunda 1,muslim_area,high,holiday,no,83.8,47.2,15.05,44.55,14.84
2024,2024-12-09,2024-12-15,12,Katukurunda 2,town,medium,holiday,no,83.8,28.76,9.63,27.2,9.18
2024,2024-12-16,2024-12-22,12,Kalutara North,town,medium,normal,no,58.6,22.01,7.3,22.15,7.42
2024,2024-12-16,2024-12-22,12,Kalutara South,beach,low,normal,no,58.6,16.34,5.48,17.16,5.62
2024,2024-12-16,2024-12-22,12,Katukurunda 1,muslim_area,high,normal,no,58.6,44.55,14.84,44.92,14.71
2024,2024-12-16,2024-12-22,12,Katukurunda 2,town,medium,normal,no,58.6,27.2,9.18,28.38,9.55
2024,2024-12-23,2024-12-31,12,Kalutara North,town,medium,holiday,no,36.5,22.15,7.42,25.22,8.19
2024,2024-12-23,2024-12-31,12,Kalutara South,beach,low,holiday,no,36.5,17.16,5.62,18.62,6.34
2024,2024-12-23,2024-12-31,12,Katukurunda 1,muslim_area,high,holiday,no,36.5,44.92,14.71,50.16,16.7
2024,2024-12-23,2024-12-31,12,Katukurunda 2,town,medium,holiday,no,36.5,28.38,9.55,31.5,10.16
2025,2025-01-01,2025-01-05,1,Kalutara North,town,medium,normal,no,1.1,25.22,8.19,12.61,6.37
2025,2025-01-01,2025-01-05,1,Kalutara South,beach,low,normal,no,1.1,18.62,6.34,9.34,4.77
2025,2025-01-01,2025-01-05,1,Katukurunda 1,muslim_area,high,normal,no,1.1,50.16,16.7,26.09,12.85
2025,2025-01-01,2025-01-05,1,Katukurunda 2,town,medium,normal,no,1.1,31.5,10.16,15.76,7.61
2025,2025-01-06,2025-01-12,1,Kalutara North,town,medium,normal,no,20.4,12.61,6.37,15.45,7.6
2025,2025-01-06,2025-01-12,1,Kalutara South,beach,low,normal,no,20.4,9.34,4.77,11.63,5.86
2025,2025-01-06,2025-01-12,1,Katukurunda 1,muslim_area,high,normal,no,20.4,26.09,12.85,30.45,15.39
2025,2025-01-06,2025-01-12,1,Katukurunda 2,town,medium,normal,no,20.4,15.76,7.61,19.97,9.35
2025,2025-01-13,2025-01-19,1,Kalutara North,town,medium,festival,yes,7.3,15.45,7.6,16.29,7.99
2025,2025-01-13,2025-01-19,1,Kalutara South,beach,low,festival,yes,7.3,11.63,5.86,12.11,5.79
2025,2025-01-13,2025-01-19,1,Katukurunda 1,muslim_area,high,festival,yes,7.3,30.45,15.39,31.89,15.7
2025,2025-01-13,2025-01-19,1,Katukurunda 2,town,medium,festival,yes,7.3,19.97,9.35,20.07,9.88
2025,2025-01-20,2025-01-26,1,Kalutara North,town,medium,normal,no,19.5,16.29,7.99,15.18,7.63
2025,2025-01-20,2025-01-26,1,Kalutara South,beach,low,normal,no,19.5,12.11,5.79,11.11,5.7
2025,2025-01-20,2025-01-26,1,Katukurunda 1,muslim_area,high,normal,no,19.5,31.89,15.7,30.66,14.73
2025,2025-01-20,2025-01-26,1,Katukurunda 2,town,medium,normal,no,19.5,20.07,9.88,18.65,9.24
2025,2025-01-27,2025-01-31,1,Kalutara North,town,medium,normal,no,16.0,15.18,7.63,15.74,8.04
2025,2025-01-27,2025-01-31,1,Kalutara South,beach,low,normal,no,16.0,11.11,5.7,12.12,5.8
2025,2025-01-27,2025-01-31,1,Katukurunda 1,muslim_area,high,normal,no,16.0,30.66,14.73,31.73,15.53
2025,2025-01-27,2025-01-31,1,Katukurunda 2,town,medium,normal,no,16.0,18.65,9.24,19.81,9.74
2025,2025-02-01,2025-02-09,2,Kalutara North,town,medium,holiday,no,10.3,15.74,8.04,17.1,7.27
2025,2025-02-01,2025-02-09,2,Kalutara South,beach,low,holiday,no,10.3,12.12,5.8,12.81,5.51
2025,2025-02-01,2025-02-09,2,Katukurunda 1,muslim_area,high,holiday,no,10.3,31.73,15.53,35.43,14.11
2025,2025-02-01,2025-02-09,2,Katukurunda 2,town,medium,holiday,no,10.3,19.81,9.74,22.06,9.02
2025,2025-02-10,2025-02-16,2,Kalutara North,town,medium,holiday,no,4.6,17.1,7.27,16.18,6.58
2025,2025-02-10,2025-02-16,2,Kalutara South,beach,low,holiday,no,4.6,12.81,5.51,12.48,4.75
2025,2025-02-10,2025-02-16,2,Katukurunda 1,muslim_area,high,holiday,no,4.6,35.43,14.11,33.24,12.98
2025,2025-02-10,2025-02-16,2,Katukurunda 2,town,medium,holiday,no,4.6,22.06,9.02,21.13,7.85
2025,2025-02-17,2025-02-23,2,Kalutara North,town,medium,normal,no,17.2,16.18,6.58,15.71,6.33
2025,2025-02-17,2025-02-23,2,Kalutara South,beach,low,normal,no,17.2,12.48,4.75,11.76,4.8
2025,2025-02-17,2025-02-23,2,Katukurunda 1,muslim_area,high,normal,no,17.2,33.24,12.98,30.73,12.63
2025,2025-02-17,2025-02-23,2,Katukurunda 2,town,medium,normal,no,17.2,21.13,7.85,19.59,7.84
2025,2025-02-24,2025-02-28,2,Kalutara North,town,medium,holiday,no,9.9,15.71,6.33,15.93,6.43
2025,2025-02-24,2025-02-28,2,Kalutara South,beach,low,holiday,no,9.9,11.76,4.8,11.72,4.89
2025,2025-02-24,2025-02-28,2,Katukurunda 1,muslim_area,high,holiday,no,9.9,30.73,12.63,32.22,13.12
2025,2025-02-24,2025-02-28,2,Katukurunda 2,town,medium,holiday,no,9.9,19.59,7.84,19.63,8.06
2025,2025-03-01,2025-03-09,3,Kalutara North,town,medium,normal,no,69.0,15.93,6.43,20.92,5.71
2025,2025-03-01,2025-03-09,3,Kalutara South,beach,low,normal,no,69.0,11.72,4.89,15.8,4.38
2025,2025-03-01,2025-03-09,3,Katukurunda 1,muslim_area,high,normal,no,69.0,32.22,13.12,41.76,11.66
2025,2025-03-01,2025-03-09,3,Katukurunda 2,town,medium,normal,no,69.0,19.63,8.06,26.33,7.15
2025,2025-03-10,2025-03-16,3,Kalutara North,town,medium,holiday,no,33.0,20.92,5.71,23.15,6.89
2025,2025-03-10,2025-03-16,3,Kalutara South,beach,low,holiday,no,33.0,15.8,4.38,17.84,5.15
2025,2025-03-10,2025-03-16,3,Katukurunda 1,muslim_area,high,holiday,no,33.0,41.76,11.66,47.83,13.53
2025,2025-03-10,2025-03-16,3,Katukurunda 2,town,medium,holiday,no,33.0,26.33,7.15,29.68,8.63
2025,2025-03-17,2025-03-23,3,Kalutara North,town,medium,normal,no,39.4,23.15,6.89,22.25,5.78
2025,2025-03-17,2025-03-23,3,Kalutara South,beach,low,normal,no,39.4,17.84,5.15,16.37,4.41
2025,2025-03-17,2025-03-23,3,Katukurunda 1,muslim_area,high,normal,no,39.4,47.83,13.53,42.85,11.86
2025,2025-03-17,2025-03-23,3,Katukurunda 2,town,medium,normal,no,39.4,29.68,8.63,27.44,7.56
2025,2025-03-24,2025-03-31,3,Kalutara North,town,medium,holiday,no,32.2,22.25,5.78,22.37,6.06
2025,2025-03-24,2025-03-31,3,Kalutara South,beach,low,holiday,no,32.2,16.37,4.41,17.14,4.49
2025,2025-03-24,2025-03-31,3,Katukurunda 1,muslim_area,high,holiday,no,32.2,42.85,11.86,45.26,11.97
2025,2025-03-24,2025-03-31,3,Katukurunda 2,town,medium,holiday,no,32.2,27.44,7.56,28.05,7.42
2025,2025-04-01,2025-04-06,4,Kalutara North,town,medium,normal,no,16.8,22.37,6.06,16.79,5.1
2025,2025-04-01,2025-04-06,4,Kalutara South,beach,low,normal,no,16.8,17.14,4.49,12.63,3.84
2025,2025-04-01,2025-04-06,4,Katukurunda 1,muslim_area,high,normal,no,16.8,45.26,11.97,32.69,10.49
2025,2025-04-01,2025-04-06,4,Katukurunda 2,town,medium,normal,no,16.8,28.05,7.42,21.09,6.48
2025,2025-04-07,2025-04-13,4,Kalutara North,town,medium,festival,yes,36.8,16.79,5.1,17.9,5.5
2025,2025-04-07,2025-04-13,4,Kalutara South,beach,low,festival,yes,36.8,12.63,3.84,13.92,4.24
2025,2025-04-07,2025-04-13,4,Katukurunda 1,muslim_area,high,festival,yes,36.8,32.69,10.49,35.34,11.0
2025,2025-04-07,2025-04-13,4,Katukurunda 2,town,medium,festival,yes,36.8,21.09,6.48,22.14,6.77
2025,2025-04-14,2025-04-20,4,Kalutara North,town,medium,festival,yes,22.6,17.9,5.5,19.9,6.16
2025,2025-04-14,2025-04-20,4,Kalutara South,beach,low,festival,yes,22.6,13.92,4.24,14.79,4.59
2025,2025-04-14,2025-04-20,4,Katukurunda 1,muslim_area,high,festival,yes,22.6,35.34,11.0,39.08,12.29
2025,2025-04-14,2025-04-20,4,Katukurunda 2,town,medium,festival,yes,22.6,22.14,6.77,24.8,7.65
2025,2025-04-21,2025-04-27,4,Kalutara North,town,medium,normal,no,9.2,19.9,6.16,17.28,5.28
2025,2025-04-21,2025-04-27,4,Kalutara South,beach,low,normal,no,9.2,14.79,4.59,13.07,3.83
2025,2025-04-21,2025-04-27,4,Katukurunda 1,muslim_area,high,normal,no,9.2,39.08,12.29,33.56,10.46
2025,2025-04-21,2025-04-27,4,Katukurunda 2,town,medium,normal,no,9.2,24.8,7.65,20.99,6.53
2025,2025-04-28,2025-04-30,4,Kalutara North,town,medium,normal,no,37.9,17.28,5.28,13.97,4.35
2025,2025-04-28,2025-04-30,4,Kalutara South,beach,low,normal,no,37.9,13.07,3.83,10.65,3.24
2025,2025-04-28,2025-04-30,4,Katukurunda 1,muslim_area,high,normal,no,37.9,33.56,10.46,28.17,8.66
2025,2025-04-28,2025-04-30,4,Katukurunda 2,town,medium,normal,no,37.9,20.99,6.53,16.92,5.35
2025,2025-05-01,2025-05-04,5,Kalutara North,town,medium,holiday,no,60.9,13.97,4.35,16.0,4.68
2025,2025-05-01,2025-05-04,5,Kalutara South,beach,low,holiday,no,60.9,10.65,3.24,11.85,3.48
2025,2025-05-01,2025-05-04,5,Katukurunda 1,muslim_area,high,holiday,no,60.9,28.17,8.66,31.04,9.47
2025,2025-05-01,2025-05-04,5,Katukurunda 2,town,medium,holiday,no,60.9,16.92,5.35,19.41,5.78
2025,2025-05-05,2025-05-11,5,Kalutara North,town,medium,normal,no,43.2,16.0,4.68,18.36,5.39
2025,2025-05-05,2025-05-11,5,Kalutara South,beach,low,normal,no,43.2,11.85,3.48,13.77,4.12
2025,2025-05-05,2025-05-11,5,Katukurunda 1,muslim_area,high,normal,no,43.2,31.04,9.47,36.81,11.21
2025,2025-05-05,2025-05-11,5,Katukurunda 2,town,medium,normal,no,43.2,19.41,5.78,23.86,6.88
2025,2025-05-12,2025-05-18,5,Kalutara North,town,medium,festival,yes,23.4,18.36,5.39,20.54,5.93
2025,2025-05-12,2025-05-18,5,Kalutara South,beach,low,festival,yes,23.4,13.77,4.12,16.07,4.52
2025,2025-05-12,2025-05-18,5,Katukurunda 1,muslim_area,high,festival,yes,23.4,36.81,11.21,42.85,12.25
2025,2025-05-12,2025-05-18,5,Katukurunda 2,town,medium,festival,yes,23.4,23.86,6.88,25.5,7.48
2025,2025-05-19,2025-05-25,5,Kalutara North,town,medium,normal,no,64.9,20.54,5.93,19.23,5.53
2025,2025-05-19,2025-05-25,5,Kalutara South,beach,low,normal,no,64.9,16.07,4.52,14.03,4.25
2025,2025-05-19,2025-05-25,5,Katukurunda 1,muslim_area,high,normal,no,64.9,42.85,12.25,38.46,11.4
2025,2025-05-19,2025-05-25,5,Katukurunda 2,town,medium,normal,no,64.9,25.5,7.48,23.48,7.12
2025,2025-05-26,2025-05-31,5,Kalutara North,town,medium,normal,no,153.8,19.23,5.53,17.93,5.43
2025,2025-05-26,2025-05-31,5,Kalutara South,beach,low,normal,no,153.8,14.03,4.25,13.33,4.06
2025,2025-05-26,2025-05-31,5,Katukurunda 1,muslim_area,high,normal,no,153.8,38.46,11.4,36.16,10.4
2025,2025-05-26,2025-05-31,5,Katukurunda 2,town,medium,normal,no,153.8,23.48,7.12,22.49,6.6
2025,2025-06-01,2025-06-08,6,Kalutara North,town,medium,holiday,no,35.9,17.93,5.43,26.39,6.71
2025,2025-06-01,2025-06-08,6,Kalutara South,beach,low,holiday,no,35.9,13.33,4.06,19.74,5.04
2025,2025-06-01,2025-06-08,6,Katukurunda 1,muslim_area,high,holiday,no,35.9,36.16,10.4,52.08,12.79
2025,2025-06-01,2025-06-08,6,Katukurunda 2,town,medium,holiday,no,35.9,22.49,6.6,33.7,8.26
2025,2025-06-09,2025-06-15,6,Kalutara North,town,medium,holiday,no,43.7,26.39,6.71,24.61,5.99
2025,2025-06-09,2025-06-15,6,Kalutara South,beach,low,holiday,no,43.7,19.74,5.04,18.2,4.68
2025,2025-06-09,2025-06-15,6,Katukurunda 1,muslim_area,high,holiday,no,43.7,52.08,12.79,50.11,12.04
2025,2025-06-09,2025-06-15,6,Katukurunda 2,town,medium,holiday,no,43.7,33.7,8.26,31.42,7.49
2025,2025-06-16,2025-06-22,6,Kalutara North,town,medium,normal,no,96.7,24.61,5.99,22.52,5.49
2025,2025-06-16,2025-06-22,6,Kalutara South,beach,low,normal,no,96.7,18.2,4.68,17.35,4.04
2025,2025-06-16,2025-06-22,6,Katukurunda 1,muslim_area,high,normal,no,96.7,50.11,12.04,46.97,11.13
2025,2025-06-16,2025-06-22,6,Katukurunda 2,town,medium,normal,no,96.7,31.42,7.49,27.86,6.93
2025,2025-06-23,2025-06-30,6,Kalutara North,town,medium,normal,no,177.1,22.52,5.49,22.92,5.57
2025,2025-06-23,2025-06-30,6,Kalutara South,beach,low,normal,no,177.1,17.35,4.04,17.12,4.2
2025,2025-06-23,2025-06-30,6,Katukurunda 1,muslim_area,high,normal,no,177.1,46.97,11.13,47.01,11.36
2025,2025-06-23,2025-06-30,6,Katukurunda 2,town,medium,normal,no,177.1,27.86,6.93,29.45,7.16
2025,2025-07-01,2025-07-06,7,Kalutara North,town,medium,normal,no,27.6,22.92,5.57,17.15,6.27
2025,2025-07-01,2025-07-06,7,Kalutara South,beach,low,normal,no,27.6,17.12,4.2,12.42,4.52
2025,2025-07-01,2025-07-06,7,Katukurunda 1,muslim_area,high,normal,no,27.6,47.01,11.36,33.73,12.08
2025,2025-07-01,2025-07-06,7,Katukurunda 2,town,medium,normal,no,27.6,29.45,7.16,20.9,7.52
2025,2025-07-07,2025-07-13,7,Kalutara North,town,medium,holiday,no,106.5,17.15,6.27,19.47,7.04
2025,2025-07-07,2025-07-13,7,Kalutara South,beach,low,holiday,no,106.5,12.42,4.52,14.81,5.46
2025,2025-07-07,2025-07-13,7,Katukurunda 1,muslim_area,high,holiday,no,106.5,33.73,12.08,38.62,14.2
2025,2025-07-07,2025-07-13,7,Katukurunda 2,town,medium,holiday,no,106.5,20.9,7.52,24.44,9.14
2025,2025-07-14,2025-07-20,7,Kalutara North,town,medium,normal,no,20.5,19.47,7.04,17.06,6.18
2025,2025-07-14,2025-07-20,7,Kalutara South,beach,low,normal,no,20.5,14.81,5.46,12.76,4.58
2025,2025-07-14,2025-07-20,7,Katukurunda 1,muslim_area,high,normal,no,20.5,38.62,14.2,34.55,12.22
2025,2025-07-14,2025-07-20,7,Katukurunda 2,town,medium,normal,no,20.5,24.44,9.14,21.44,8.02
2025,2025-07-21,2025-07-27,7,Kalutara North,town,medium,normal,no,49.7,17.06,6.18,17.97,6.55
2025,2025-07-21,2025-07-27,7,Kalutara South,beach,low,normal,no,49.7,12.76,4.58,13.29,4.69
2025,2025-07-21,2025-07-27,7,Katukurunda 1,muslim_area,high,normal,no,49.7,34.55,12.22,35.65,13.01
2025,2025-07-21,2025-07-27,7,Katukurunda 2,town,medium,normal,no,49.7,21.44,8.02,22.69,7.95
2025,2025-07-28,2025-07-31,7,Kalutara North,town,medium,normal,no,45.8,17.97,6.55,14.51,5.23
2025,2025-07-28,2025-07-31,7,Kalutara South,beach,low,normal,no,45.8,13.29,4.69,11.14,3.95
2025,2025-07-28,2025-07-31,7,Katukurunda 1,muslim_area,high,normal,no,45.8,35.65,13.01,28.99,10.5
2025,2025-07-28,2025-07-31,7,Katukurunda 2,town,medium,normal,no,45.8,22.69,7.95,17.75,6.43
2025,2025-08-01,2025-08-10,8,Kalutara North,town,medium,holiday,no,62.4,14.51,5.23,19.86,10.28
2025,2025-08-01,2025-08-10,8,Kalutara South,beach,low,holiday,no,62.4,11.14,3.95,15.01,7.46
2025,2025-08-01,2025-08-10,8,Katukurunda 1,muslim_area,high,holiday,no,62.4,28.99,10.5,38.74,19.72
2025,2025-08-01,2025-08-10,8,Katukurunda 2,town,medium,holiday,no,62.4,17.75,6.43,24.78,12.43
2025,2025-08-11,2025-08-17,8,Kalutara North,town,medium,normal,no,39.8,19.86,10.28,16.88,8.8
2025,2025-08-11,2025-08-17,8,Kalutara South,beach,low,normal,no,39.8,15.01,7.46,12.63,6.68
2025,2025-08-11,2025-08-17,8,Katukurunda 1,muslim_area,high,normal,no,39.8,38.74,19.72,34.26,17.28
2025,2025-08-11,2025-08-17,8,Katukurunda 2,town,medium,normal,no,39.8,24.78,12.43,21.93,10.93
2025,2025-08-18,2025-08-24,8,Kalutara North,town,medium,normal,no,56.8,16.88,8.8,17.95,9.05
2025,2025-08-18,2025-08-24,8,Kalutara South,beach,low,normal,no,56.8,12.63,6.68,12.72,6.76
2025,2025-08-18,2025-08-24,8,Katukurunda 1,muslim_area,high,normal,no,56.8,34.26,17.28,34.99,17.67
2025,2025-08-18,2025-08-24,8,Katukurunda 2,town,medium,normal,no,56.8,21.93,10.93,22.24,11.32
2025,2025-08-25,2025-08-31,8,Kalutara North,town,medium,normal,no,53.8,17.95,9.05,18.48,9.57
2025,2025-08-25,2025-08-31,8,Kalutara South,beach,low,normal,no,53.8,12.72,6.76,13.81,6.95
2025,2025-08-25,2025-08-31,8,Katukurunda 1,muslim_area,high,normal,no,53.8,34.99,17.67,37.31,18.87
2025,2025-08-25,2025-08-31,8,Katukurunda 2,town,medium,normal,no,53.8,22.24,11.32,22.12,11.48
2025,2025-09-01,2025-09-07,9,Kalutara North,town,medium,festival,yes,34.2,18.48,9.57,24.4,7.64
2025,2025-09-01,2025-09-07,9,Kalutara South,beach,low,festival,yes,34.2,13.81,6.95,17.35,5.73
2025,2025-09-01,2025-09-07,9,Katukurunda 1,muslim_area,high,festival,yes,34.2,37.31,18.87,47.86,15.53
2025,2025-09-01,2025-09-07,9,Katukurunda 2,town,medium,festival,yes,34.2,22.12,11.48,29.29,9.8
2025,2025-09-08,2025-09-14,9,Kalutara North,town,medium,normal,no,20.6,24.4,7.64,20.82,6.88
2025,2025-09-08,2025-09-14,9,Kalutara South,beach,low,normal,no,20.6,17.35,5.73,15.87,4.99
2025,2025-09-08,2025-09-14,9,Katukurunda 1,muslim_area,high,normal,no,20.6,47.86,15.53,41.61,13.11
2025,2025-09-08,2025-09-14,9,Katukurunda 2,town,medium,normal,no,20.6,29.29,9.8,25.89,8.32
2025,2025-09-15,2025-09-21,9,Kalutara North,town,medium,normal,no,131.6,20.82,6.88,21.3,7.0
2025,2025-09-15,2025-09-21,9,Kalutara South,beach,low,normal,no,131.6,15.87,4.99,15.47,5.1
2025,2025-09-15,2025-09-21,9,Katukurunda 1,muslim_area,high,normal,no,131.6,41.61,13.11,42.61,13.53
2025,2025-09-15,2025-09-21,9,Katukurunda 2,town,medium,normal,no,131.6,25.89,8.32,26.32,8.47
2025,2025-09-22,2025-09-30,9,Kalutara North,town,medium,normal,no,55.8,21.3,7.0,22.47,7.38
2025,2025-09-22,2025-09-30,9,Kalutara South,beach,low,normal,no,55.8,15.47,5.1,16.93,5.51
2025,2025-09-22,2025-09-30,9,Katukurunda 1,muslim_area,high,normal,no,55.8,42.61,13.53,44.0,14.89
2025,2025-09-22,2025-09-30,9,Katukurunda 2,town,medium,normal,no,55.8,26.32,8.47,28.34,9.54
2025,2025-10-01,2025-10-05,10,Kalutara North,town,medium,normal,no,28.6,22.47,7.38,21.07,20.89
2025,2025-10-01,2025-10-05,10,Kalutara South,beach,low,normal,no,28.6,16.93,5.51,16.46,16.51
2025,2025-10-01,2025-10-05,10,Katukurunda 1,muslim_area,high,normal,no,28.6,44.0,14.89,42.44,42.61
2025,2025-10-01,2025-10-05,10,Katukurunda 2,town,medium,normal,no,28.6,28.34,9.54,27.23,27.48
2025,2025-10-06,2025-10-12,10,Kalutara North,town,medium,holiday,no,28.8,21.07,20.89,22.69,22.95
2025,2025-10-06,2025-10-12,10,Kalutara South,beach,low,holiday,no,28.8,16.46,16.51,17.32,17.49
2025,2025-10-06,2025-10-12,10,Katukurunda 1,muslim_area,high,holiday,no,28.8,42.44,42.61,44.75,44.93
2025,2025-10-06,2025-10-12,10,Katukurunda 2,town,medium,holiday,no,28.8,27.23,27.48,28.13,27.84
2025,2025-10-13,2025-10-19,10,Kalutara North,town,medium,normal,no,95.6,22.69,22.95,21.61,21.7
2025,2025-10-13,2025-10-19,10,Kalutara South,beach,low,normal,no,95.6,17.32,17.49,16.83,16.53
2025,2025-10-13,2025-10-19,10,Katukurunda 1,muslim_area,high,normal,no,95.6,44.75,44.93,42.68,42.96
2025,2025-10-13,2025-10-19,10,Katukurunda 2,town,medium,normal,no,95.6,28.13,27.84,27.47,27.51
2025,2025-10-20,2025-10-26,10,Kalutara North,town,medium,holiday,no,45.2,21.61,21.7,25.21,24.14
2025,2025-10-20,2025-10-26,10,Kalutara South,beach,low,holiday,no,45.2,16.83,16.53,18.66,18.91
2025,2025-10-20,2025-10-26,10,Katukurunda 1,muslim_area,high,holiday,no,45.2,42.68,42.96,49.38,49.98
2025,2025-10-20,2025-10-26,10,Katukurunda 2,town,medium,holiday,no,45.2,27.47,27.51,30.98,30.8
2025,2025-10-27,2025-10-31,10,Kalutara North,town,medium,normal,no,19.5,25.21,24.14,18.44,18.3
2025,2025-10-27,2025-10-31,10,Kalutara South,beach,low,normal,no,19.5,18.66,18.91,13.63,13.7
2025,2025-10-27,2025-10-31,10,Katukurunda 1,muslim_area,high,normal,no,19.5,49.38,49.98,36.27,36.41
2025,2025-10-27,2025-10-31,10,Katukurunda 2,town,medium,normal,no,19.5,30.98,30.8,22.46,22.1
2025,2025-11-01,2025-11-09,11,Kalutara North,town,medium,holiday,no,24.4,18.44,18.3,9.66,21.35
2025,2025-11-01,2025-11-09,11,Kalutara South,beach,low,holiday,no,24.4,13.63,13.7,7.31,16.32
2025,2025-11-01,2025-11-09,11,Katukurunda 1,muslim_area,high,holiday,no,24.4,36.27,36.41,19.5,44.89
2025,2025-11-01,2025-11-09,11,Katukurunda 2,town,medium,holiday,no,24.4,22.46,22.1,12.43,27.64
2025,2025-11-10,2025-11-16,11,Kalutara North,town,medium,normal,no,39.1,9.66,21.35,8.16,18.93
2025,2025-11-10,2025-11-16,11,Kalutara South,beach,low,normal,no,39.1,7.31,16.32,6.28,13.58
2025,2025-11-10,2025-11-16,11,Katukurunda 1,muslim_area,high,normal,no,39.1,19.5,44.89,17.0,38.14
2025,2025-11-10,2025-11-16,11,Katukurunda 2,town,medium,normal,no,39.1,12.43,27.64,10.26,23.14
2025,2025-11-17,2025-11-23,11,Kalutara North,town,medium,normal,no,75.6,8.16,18.93,8.53,19.79
2025,2025-11-17,2025-11-23,11,Kalutara South,beach,low,normal,no,75.6,6.28,13.58,6.64,14.81
2025,2025-11-17,2025-11-23,11,Katukurunda 1,muslim_area,high,normal,no,75.6,17.0,38.14,17.5,38.83
2025,2025-11-17,2025-11-23,11,Katukurunda 2,town,medium,normal,no,75.6,10.26,23.14,11.13,24.97
2025,2025-11-24,2025-11-30,11,Kalutara North,town,medium,normal,no,53.7,8.53,19.79,9.31,20.45
2025,2025-11-24,2025-11-30,11,Kalutara South,beach,low,normal,no,53.7,6.64,14.81,7.33,15.02
2025,2025-11-24,2025-11-30,11,Katukurunda 1,muslim_area,high,normal,no,53.7,17.5,38.83,19.37,40.24
2025,2025-11-24,2025-11-30,11,Katukurunda 2,town,medium,normal,no,53.7,11.13,24.97,11.77,25.65
2025,2025-12-01,2025-12-07,12,Kalutara North,town,medium,holiday,yes,41.0,9.31,20.45,21.27,7.32
2025,2025-12-01,2025-12-07,12,Kalutara South,beach,low,holiday,yes,41.0,7.33,15.02,16.3,5.4
2025,2025-12-01,2025-12-07,12,Katukurunda 1,muslim_area,high,holiday,yes,41.0,19.37,40.24,42.0,14.18
2025,2025-12-01,2025-12-07,12,Katukurunda 2,town,medium,holiday,yes,41.0,11.77,25.65,27.03,9.16
2025,2025-12-08,2025-12-14,12,Kalutara North,town,medium,normal,no,18.4,21.27,7.32,19.92,7.02
2025,2025-12-08,2025-12-14,12,Kalutara South,beach,low,normal,no,18.4,16.3,5.4,14.87,5.07
2025,2025-12-08,2025-12-14,12,Katukurunda 1,muslim_area,high,normal,no,18.4,42.0,14.18,39.13,13.69
2025,2025-12-08,2025-12-14,12,Katukurunda 2,town,medium,normal,no,18.4,27.03,9.16,24.98,8.42
2025,2025-12-15,2025-12-21,12,Kalutara North,town,medium,normal,no,52.4,19.92,7.02,19.68,6.91
2025,2025-12-15,2025-12-21,12,Kalutara South,beach,low,normal,no,52.4,14.87,5.07,15.04,5.2
2025,2025-12-15,2025-12-21,12,Katukurunda 1,muslim_area,high,normal,no,52.4,39.13,13.69,41.37,14.05
2025,2025-12-15,2025-12-21,12,Katukurunda 2,town,medium,normal,no,52.4,24.98,8.42,25.81,9.03
2025,2025-12-22,2025-12-31,12,Kalutara North,town,medium,holiday,no,99.2,19.68,6.91,23.12,7.97
2025,2025-12-22,2025-12-31,12,Kalutara South,beach,low,holiday,no,99.2,15.04,5.2,16.49,6.07
2025,2025-12-22,2025-12-31,12,Katukurunda 1,muslim_area,high,holiday,no,99.2,41.37,14.05,46.47,16.04
2025,2025-12-22,2025-12-31,12,Katukurunda 2,town,medium,holiday,no,99.2,25.81,9.03,27.72,9.71
